{"cameraMode":{"drawMode":0,"name":"Shaded","section":"Shading Mode"},"sceneLighting":true,"audioPlay":false,"sceneViewState":{"m_AlwaysRefresh":false,"showFog":true,"showSkybox":true,"showFlares":true,"showImageEffects":true,"showParticleSystems":true,"showVisualEffectGraphs":true,"m_FxEnabled":true},"in2DMode":false,"pivot":{"x":-1.7837122678756714,"y":3.7867350578308107,"z":2.1354994773864748},"rotation":{"x":0.028369024395942689,"y":-0.09432108700275421,"z":0.0026888546999543907,"w":0.9951345324516296},"size":11.848649978637696,"orthographic":true}