{"cameraMode":{"drawMode":0,"name":"Shaded","section":"Shading Mode"},"sceneLighting":true,"audioPlay":false,"sceneViewState":{"m_AlwaysRefresh":false,"showFog":true,"showSkybox":true,"showFlares":true,"showImageEffects":true,"showParticleSystems":true,"showVisualEffectGraphs":true,"m_FxEnabled":true},"in2DMode":false,"pivot":{"x":310.3396301269531,"y":290.75982666015627,"z":-84.29637145996094},"rotation":{"x":0.028369024395942689,"y":-0.09432108700275421,"z":0.0026888546999543907,"w":0.9951345324516296},"size":46.673465728759769,"orthographic":true}